step,distance_to_target,mae,collisions
0,7.3700610178271315,7.3700610178271315,0
