step,distance_to_target,mae,collisions
0,8.64760594338332,8.64760594338332,0
